name,site,cut0,cut1
XcmI,CCAN9TGG,8,7
TelI,GACNNNGTC,4,5
AccB1I,GGYRCC,1,4
AccB2I,RGCGCY,5,1
AaaI,TGTACA,1,5
AlfI,GCAN6TGC,24,22
AaaI,TGTACA,1,5
AaaI,TGTACA,1,5
AatII,GACGTC,5,1
AbaI,TGATCA,1,5
AbeI,CCTCAGC,2,5
AbrI,CTCGAG,1,5
AccI,GTMKAC,2,4
AccII,CGCG,2,4
AccIII,TCCGGA,1,5
Acc16I,TGCGCA,3,3
Acc36I,ACCTGC,10,14
Acc65I,GGTACC,1,5
Acc113I,AGTACT,3,3
AccB2I,RGCGCY,5,1
AccB7I,CCAN5TGG,7,4
AccBSI,CCGCTC,3,3
AccEBI,GGATCC,1,5
AceI,GCWGC,1,4
AceII,GCTAGC,5,1
AceIII,CAGCTC,12,16
AciI,CCGC,1,3
AclI,AACGTT,2,4
AclNI,ACTAGT,1,5
AclWI,GGATC,9,10
AcpI,TTCGAA,2,4
AcpII,CCAN5TGG,7,4
AcrII,GGTNACC,1,6
AcsI,RAATTY,1,5
AcuI,CTGAAG,22,20
AcvI,CACGTG,3,3
AcyI,GRCGYC,2,4
AdeI,CACNNNGTG,6,3
AeuI,CCWGG,2,3
AfaI,GTAC,2,2
Afa22MI,CGATCG,4,2
Afa16RI,CGATCG,4,2
AfeI,AGCGCT,3,3
AflI,GGWCC,1,4
AflII,CTTAAG,1,5
AflIII,ACRYGT,1,5
AgeI,ACCGGT,1,5
AglI,CCWGG,2,3
AhaI,CCSGG,2,3
AhaII,GRCGYC,2,4
AhaIII,TTTAAA,3,3
AhaB8I,GGTACC,1,5
AhdI,GACN5GTC,6,5
AhlI,ACTAGT,1,5
AhyI,CCCGGG,1,5
AitI,AGCGCT,3,3
AjnI,CCWGG,0,5
AjoI,CTGCAG,5,1
AleI,CACN4GTG,5,5
AliI,GGATCC,1,5
AliAJI,CTGCAG,5,1
AloI,GAACN6TCC,25,20
AluI,AGCT,2,2
AlwI,GGATC,9,10
Alw21I,GWGCWC,5,1
Alw26I,GTCTC,6,10
Alw44I,GTGCAC,1,5
AlwNI,CAGNNNCTG,6,3
AlwXI,GCAGC,13,17
Ama87I,CYCGRG,1,5
AocI,CCTNAGG,2,5
AocII,GDGCHC,5,1
AorI,CCWGG,2,3
Aor13HI,TCCGGA,1,5
Aor51HI,AGCGCT,3,3
AosI,TGCGCA,3,3
AosII,GRCGYC,2,4
ApaI,GGGCCC,5,1
ApaBI,GCAN5TGC,8,3
ApaCI,GGATCC,1,5
ApaLI,GTGCAC,1,5
ApaORI,CCWGG,2,3
ApeKI,GCWGC,1,4
ApiI,CTGCAG,5,1
ApoI,RAATTY,1,5
ApyI,CCWGG,2,2
AquI,CYCGRG,1,5
AscI,GGCGCGCC,2,6
AseI,ATTAAT,2,4
AseII,CCSGG,2,3
AsiI,GGATCC,1,5
AsiAI,ACCGGT,1,5
AsiSI,GCGATCGC,5,3
AsnI,ATTAAT,2,4
AspI,GACNNNGTC,4,5
Asp700I,GAAN4TTC,5,5
Asp713I,CTGCAG,5,1
Asp718I,GGTACC,1,5
Asp745I,GGWCC,1,4
AspAI,GGTNACC,1,6
AspA2I,CCTAGG,1,5
AspEI,GACNGTC,6,5
AspHI,GWGCWC,5,1
Asp10HI,TTCGAA,2,4
Asp10HII,CCAN5TGG,7,4
Asp26HI,GAATGC,7,5
Asp27HI,GAATGC,7,5
Asp35HI,GAATGC,7,5
Asp36HI,GAATGC,7,5
Asp40HI,GAATGC,7,5
Asp50HI,GAATGC,7,5
AspLEI,GCGC,3,1
AspMI,AGGCCT,3,3
AspMDI,GATC,0,4
AspNI,GGNNCC,3,3
AspS9I,GGNCC,1,4
AssI,AGTACT,3,3
AstWI,GRCGYC,2,4
AsuI,GGNCC,1,4
AsuII,TTCGAA,2,4
AsuIII,GRCGYC,2,4
AsuC2I,CCSGG,2,3
AsuHPI,GGTGA,13,12
AsuNHI,GCTAGC,1,5
AtsI,GACNNNGTC,4,5
AvaI,CYCGRG,1,5
AvaII,GGWCC,1,4
AvcI,GGNCC,1,4
AviII,TGCGCA,3,3
AvrII,CCTAGG,1,5
AvrBII,CCTAGG,1,5
AxyI,CCTNAGG,2,5
Bac36I,GGNCC,1,4
BaeI,ACN4GTAYC,23,18
BalI,TGGCCA,3,3
Bal228I,GGNCC,1,4
BamHI,GGATCC,1,5
BamNxI,GGWCC,1,4
BanI,GGYRCC,1,5
BanII,GRGCYC,5,1
BanIII,ATCGAT,2,4
BanAI,GGCC,2,2
BasI,CCAN5TGG,7,4
BauI,CACGAG,1,5
BavI,CAGCTG,3,3
BavAI,CAGCTG,3,3
BavAII,GGNCC,1,4
BavBI,CAGCTG,3,3
BavBII,GGNCC,1,4
BavCI,ATCGAT,2,4
BbeI,GGCGCC,5,1
BbiII,GRCGYC,2,4
Bbi24I,ACGCGT,1,5
BbrI,AAGCTT,1,5
Bbr7I,GAAGAC,13,18
BbrPI,CACGTG,3,3
BbsI,GAAGAC,8,12
BbuI,GCATGC,5,1
BbvI,GCAGC,13,17
BbvII,GAAGAC,8,12
Bbv12I,GWGCWC,5,1
Bbv16II,GAAGAC,8,12
BbvAI,GAAN4TTC,5,5
BbvAII,ATCGAT,2,4
BbvAIII,TCCGGA,1,5
BbvBI,GGYRCC,1,5
BbvCI,CCTCAGC,2,5
Bca77I,WCCGGW,1,5
BccI,CCATC,9,10
Bce4I,GCN7GC,7,4
Bce22I,GGNCC,1,4
Bce83I,CTTGAG,22,20
Bce243I,GATC,0,4
Bce751I,GGATCC,1,5
BceAI,ACGGC,17,19
BceBI,CGCG,2,2
BceCI,GCN7GC,7,4
BcefI,ACGGC,17,18
BcgI,CGAN6TGC,24,22
Bci29I,ATCGAT,2,4
BciBI,ATCGAT,2,4
BciBII,CCWGG,2,3
BciVI,GTATCC,12,11
BclI,TGATCA,1,5
BcmI,ATCGAT,2,4
BcnI,CCSGG,2,3
BcoI,CYCGRG,1,5
Bco5I,CTCTTC,7,10
Bco27I,CCGG,1,3
Bco116I,CTCTTC,7,10
Bco118I,RCCGGY,1,5
BcoAI,CACGTG,3,3
BcoKI,CTCTTC,7,10
BcuI,ACTAGT,1,5
BcuAI,GGWCC,1,4
BdiI,ATCGAT,2,4
BdiSI,CTRYAG,1,5
BecAII,GGCC,2,2
BepI,CGCG,2,2
BetI,WCCGGW,1,5
BfaI,CTAG,1,3
BfiI,ACTGGG,11,10
Bfi57I,GATC,0,4
Bfi89I,YGGCCR,1,5
BflI,CCN7GG,7,4
BfmI,CTRYAG,1,5
BfrI,CTTAAG,1,5
BfrBI,ATGCAT,5,1
BfuI,GTATCC,12,11
BfuAI,ACCTGC,10,14
BfuCI,GATC,0,4
BglI,GCCN5GGC,7,4
BglII,AGATCT,1,4
BimI,TTCGAA,2,4
Bim19I,TTCGAA,2,4
Bim19II,GGCC,2,2
BinI,GGATC,9,10
BlfI,TCCGGA,1,5
Bli41I,ATCGAT,2,4
Bli86I,ATCGAT,2,4
Bli736I,GGTCTC,7,11
BliAI,CCTNAGG,2,5
BliRI,ATCGAT,2,4
BlnI,CCTAGG,1,5
BloHI,RGATCY,1,5
BloHII,CTGCAG,5,1
BlpI,GCTNAGC,2,5
BluI,CTCGAG,1,5
Bme12I,GATC,0,4
Bme18I,GGWCC,1,4
Bme142I,RGCGCY,3,3
Bme216I,GGWCC,1,4
Bme361I,GGCC,2,2
Bme585I,CCCGC,9,11
Bme1390I,CCNGG,2,3
Bme1580I,GKGCMC,5,1
BmgBI,CACGTC,3,3
BmrI,ACTGGG,11,10
BmtI,GCTAGC,5,1
BmyI,GDGCHC,5,1
BnaI,GGATCC,1,5
BoxI,GACN4GTC,5,5
BpcI,CTRYAG,1,5
BpiI,GAAGAC,8,12
BplI,GAGN5CTC,24,19
BpmI,CTGGAG,22,20
BpoAI,ATTAAT,2,4
BptI,CCWGG,2,3
BpuI,GRGCYC,5,1
Bpu10I,CCTNAGC,2,5
Bpu14I,TTCGAA,2,4
Bpu95I,CGCG,2,2
Bpu1102I,GCTNAGC,2,5
BpuAI,GAAGAC,8,12
BpuAmI,GAGCTC,3,3
BpuB5I,CGTACG,1,5
BpuDI,CCTNAGC,2,5
BpuEI,CTTGAG,22,20
BpuJI,CCCGT,16,24
BpuSI,GGGAC,15,19
BsaI,GGTCTC,7,11
Bsa29I,ATCGAT,2,4
BsaAI,YACGTR,3,3
BsaBI,GATN4ATC,5,5
BsaHI,GRCGYC,2,4
BsaJI,CCNNGG,1,5
BsaMI,GAATGC,7,5
BsaOI,CGRYCG,4,2
BsaWI,WCCGGW,1,5
BsaXI,ACN5CTCC,21,19
BscI,ATCGAT,2,4
Bsc4I,CCN7GG,7,4
Bsc91I,GAAGAC,8,12
Bsc107I,CCN7GG,7,4
BscAI,GCATC,9,11
BscBI,GGNNCC,3,3
BscCI,GAATGC,7,5
BscFI,GATC,0,4
Bse1I,ACTGG,6,4
Bse8I,GATN4ATC,5,5
Bse15I,CYCGRG,1,5
Bse16I,CCWGG,2,3
Bse17I,CCWGG,2,3
Bse21I,CCTNAGG,2,5
Bse24I,CCWGG,2,3
Bse64I,GGTNACC,1,6
Bse118I,RCCGGY,1,5
Bse634I,RCCGGY,1,5
BseAI,TCCGGA,1,5
BseBI,CCWGG,2,3
BseCI,ATCGAT,2,4
BseDI,CCNNGG,1,5
Bse3DI,GCAATG,8,6
BseGI,GGATG,7,4
BseJI,GATN4ATC,5,5
BseKI,GCAGC,13,17
BseLI,CCN7GG,7,4
BseMI,GCAATG,8,6
BseMII,CTCAG,15,13
BseNI,ACTGG,6,4
BsePI,GCGCGC,1,5
BseQI,GGCC,2,2
BseRI,GAGGAG,16,14
BseSI,GKGCMC,5,1
BseT9I,GGTNACC,1,6
BseT10I,GGTNACC,1,6
BseXI,GCAGC,13,17
BseX3I,CGGCCG,1,5
BseYI,CCCAGC,1,5
BseZI,CTCTTC,7,10
BsgI,GTGCAG,22,20
BshI,GGCC,2,2
Bsh45I,GWGCWC,5,1
Bsh1236I,CGCG,2,2
Bsh1285I,CGRYCG,4,2
Bsh1365I,GATN4ATC,5,5
BshFI,GGCC,2,2
BshGI,CCWGG,2,3
BshKI,GGNCC,1,4
BshNI,GGYRCC,1,5
BshTI,ACCGGT,1,5
BsiI,CACGAG,1,5
BsiBI,GATN4ATC,5,5
BsiCI,TTCGAA,2,4
BsiEI,CGRYCG,4,2
BsiHKAI,GWGCWC,5,1
BsiHKCI,CYCGRG,1,5
BsiKI,GGTNACC,1,6
BsiLI,CCWGG,2,3
BsiMI,TCCGGA,1,5
BsiQI,TGATCA,1,5
BsiSI,CCGG,1,3
BsiWI,CGTACG,1,5
BsiXI,ATCGAT,2,4
BsiYI,CCN7GG,7,4
BsiZI,GGNCC,1,4
BslI,CCN7GG,7,4
BslFI,GGGAC,15,19
BsmI,GAATGC,7,5
BsmAI,GTCTC,6,10
BsmBI,CGTCTC,7,11
BsmFI,GGGAC,15,19
BsmSI,CCWWGG,1,5
Bso31I,GGTCTC,7,11
BsoBI,CYCGRG,1,5
BsoCI,GDGCHC,5,1
BsoFI,GCNGC,2,3
BsoMAI,GTCTC,6,10
Bsp6I,GCNGC,2,3
Bsp13I,TCCGGA,1,5
Bsp19I,CCATGG,1,5
Bsp24I,GACN6TGG,24,19
Bsp50I,CGCG,2,2
Bsp63I,CTGCAG,5,1
Bsp67I,GATC,0,4
Bsp68I,TCGCGA,3,3
Bsp98I,GGATCC,1,5
Bsp105I,GATC,0,4
Bsp106I,ATCGAT,2,4
Bsp119I,TTCGAA,2,4
Bsp120I,GGGCCC,1,5
Bsp123I,CGCG,2,2
Bsp143I,GATC,0,4
Bsp143II,RGCGCY,5,1
Bsp211I,GGCC,2,2
Bsp423I,GCAGC,13,17
Bsp519I,GRGCYC,5,1
Bsp1286I,GDGCHC,5,1
Bsp1407I,TGTACA,1,5
Bsp1720I,GCTNAGC,2,5
Bsp1894I,GGNCC,1,4
Bsp2095I,GATC,0,4
Bsp4009I,GGATCC,1,5
BspAI,GATC,0,4
BspA2I,CCTAGG,1,5
Bsp153AI,CAGCTG,3,3
BspAAI,CTCGAG,1,5
BspAAII,TCTAGA,1,5
BspAAIII,GGATCC,1,5
BspANI,GGCC,2,2
BspBI,CTGCAG,5,1
BspBII,GGNCC,1,4
BspBRI,GGCC,2,2
BspBS31I,GAAGAC,8,12
BspCI,CGATCG,4,2
BspCNI,CTCAG,14,12
BspDI,ATCGAT,2,4
BspD6I,GACTC,9,11
BspEI,TCCGGA,1,5
BspFI,GATC,0,4
BspF4I,GGNCC,1,4
BspHI,TCATGA,1,5
BspIS4I,GAAGAC,8,12
BspJI,GATC,0,4
BspJII,ATCGAT,2,4
BspKI,GGCC,2,2
BspKT5I,CTGAAG,22,20
BspKT6I,GATC,3,1
BspKT8I,AAGCTT,1,5
BspLI,GGNNCC,3,3
BspLAI,GCGC,3,1
BspLAII,TTCGAA,2,4
BspLAIII,AAGCTT,1,5
BspLS2I,GDGCHC,5,1
BspLU4I,CYCGRG,1,5
BspLU11I,ACATGT,1,5
BspLU11III,GGGAC,15,19
BspMI,ACCTGC,10,14
BspMII,TCCGGA,1,5
BspM39I,CAGCTG,3,3
BspM90I,GTATAC,3,3
BspMAI,CTGCAG,5,1
BspMKI,GTCGAC,1,5
BspNI,CCWGG,2,3
BspO4I,CAGCTG,3,3
BspOVI,GACN5GTC,6,5
BspOVII,ATCGAT,2,4
BspPI,GGATC,9,10
BspRI,GGCC,2,2
BspR7I,CCTNAGG,2,5
BspST5I,GCATC,10,14
BspTI,CTTAAG,1,5
BspT104I,TTCGAA,2,4
BspT107I,GGYRCC,1,5
BspTNI,GGTCTC,7,11
BspTS514I,GAAGAC,8,12
BspWI,GCN7GC,7,4
BspXI,ATCGAT,2,4
BspXII,TGATCA,1,5
BspZEI,ATCGAT,2,4
BsrI,ACTGG,6,4
BsrAI,GGWCC,1,4
BsrBI,CCGCTC,3,3
BsrBRI,GATN4ATC,5,5
BsrDI,GCAATG,8,6
BsrFI,RCCGGY,1,5
BsrGI,TGTACA,1,5
BsrSI,ACTGG,6,4
BssAI,RCCGGY,1,5
BssECI,CCNNGG,1,5
BssHI,CTCGAG,1,5
BssHII,GCGCGC,1,5
BssIMI,GGGTC,2,5
BssKI,CCNGG,0,5
BssNAI,GTATAC,3,3
BssNI,GRCGYC,2,4
BssSI,CACGAG,1,5
BssT1I,CCWWGG,1,5
BstI,GGATCC,1,5
Bst1I,CCWGG,2,3
Bst2I,CCWGG,2,3
Bst6I,CTCTTC,7,10
Bst11I,ACTGG,6,4
Bst12I,GCAGC,13,17
Bst19I,GCATC,9,11
Bst19II,GATC,0,4
Bst28I,ATCGAT,2,4
Bst38I,CCWGG,2,3
Bst40I,CCGG,1,3
Bst71I,GCAGC,13,17
Bst98I,CTTAAG,1,5
Bst100I,CCWGG,2,3
Bst1107I,GTATAC,3,3
BstACI,GRCGYC,2,4
BstAPI,GCAN4NTGC,7,4
BstAUI,TGTACA,1,5
BstBI,TTCGAA,2,4
Bst2BI,CACGAG,1,5
BstBAI,YACGTR,3,3
BstBSI,GTATAC,3,3
BstB7SI,RCCGGY,1,5
BstBS32I,GAAGAC,8,12
BstBZ153I,GCGCGC,1,5
Bst4CI,ACNGT,3,2
BstC8I,GCNNGC,3,3
BstD102I,CCGCTC,3,3
BstDEI,CTNAG,1,4
BstDSI,CCRYGG,1,5
BstEII,GGTNACC,1,6
BstENI,CCTN4NAGG,5,6
BstENII,GATC,0,4
BstEZ359I,GTTAAC,3,3
BstFI,AAGCTT,1,5
BstF5I,GGATG,7,5
BstFNI,CGCG,2,2
BstFZ438I,CCCGC,9,11
BstGZ53I,CGTCTC,7,11
BstH2I,RGCGCY,5,1
BstH9I,GGATC,9,10
BstHHI,GCGC,3,1
BstHPI,GTTAAC,3,3
BstHZ55I,CCAN6TGG,8,4
BstIZ316I,CACNNNGTG,6,3
BstJZ301I,CTNAG,1,4
BstKTI,GATC,3,1
BstM6I,CCWGG,2,3
BstMAI,GTCTC,6,10
BstMBI,GATC,0,4
BstMCI,CGRYCG,4,2
BstMWI,GCN7GC,7,4
BstMZ611I,CCNGG,0,5
BstNI,CCWGG,2,3
Bst31NI,CCGCTC,3,3
BstNSI,RCATGY,5,1
BstNZ169I,ATCGAT,2,4
BstOI,CCWGG,2,3
BstOZ616I,GGGAC,15,19
BstPI,GGTNACC,1,6
BstPAI,GACN4GTC,5,5
BstPZ418I,GGATG,14,18
BstPZ740I,CTTAAG,1,5
BstRZ246I,ATTTAAAT,4,4
BstSI,CYCGRG,1,5
BstSCI,CCNGG,0,5
BstSFI,CCNGG,1,5
BstSNI,TACGTA,3,3
BstSWI,ATTTAAAT,4,4
BstT7I,TGATCA,1,5
BstT9I,GGTNACC,1,6
BstT10I,GGTNACC,1,6
Bst31TI,GGATC,9,10
BstTS5I,GAAGAC,8,12
BstUI,CGCG,2,2
Bst2UI,CCWGG,2,3
BstVI,CTCGAG,1,5
BstV1I,GCAGC,13,17
BstV2I,GAAGAC,8,12
BstXI,CCAN6TGG,8,4
BstX2I,RGATCY,1,5
BstYI,RGATCY,1,5
BstZI,CGGCCG,1,5
BstZ17I,GTATAC,3,3
Bsu6I,CTCTTC,7,10
Bsu15I,ATCGAT,2,4
Bsu23I,TCCGGA,1,5
Bsu36I,CCTNAGG,2,5
Bsu54I,GGNCC,1,4
Bsu1532I,CGCG,2,2
Bsu1854I,GRGCYC,5,1
BsuBI,CTGCAG,5,1
BsuFI,CCGG,1,3
BsuMI,CTCGAG,1,5
BsuRI,GGCC,2,2
BsuTUI,ATCGAT,2,4
BteI,GGCC,2,2
BtgI,CCRYGG,1,5
BtgZI,GCGATG,16,20
BthAI,GGWCC,1,4
BthCI,GCNGC,4,1
BthDI,CCWGG,2,3
BthEI,CCWGG,2,3
BtkI,CGCG,2,2
BtkII,GATC,0,4
BtrI,CACGTC,3,3
BtsI,GCAGTG,8,6
BveI,ACCTGC,10,14
BvuI,GRGCYC,5,1
BvuBI,CGTACG,1,5
CacI,GATC,0,4
Cac8I,GCNNGC,3,3
CaiI,CAGNNNCTG,6,3
CauI,GGWCC,1,4
CauII,CCSGG,2,3
CauB3I,TCCGGA,1,5
CbiI,TTCGAA,2,4
CboI,CCGG,1,3
CbrI,CCWGG,2,3
CciNI,GCGGCCGC,2,6
CcoI,GCCGGC,3,3
CcrI,CTCGAG,1,5
CcuI,GGNCC,1,4
CcyI,GATC,0,4
CdiI,CATCG,4,4
CelI,GGATCC,1,5
CelII,GCTNAGC,2,5
CeqI,GATATC,3,3
CflI,CTGCAG,5,1
CfoI,GCGC,3,1
CfrI,YGGCCR,1,5
Cfr6I,CAGCTG,3,3
Cfr9I,CCCGGG,1,5
Cfr10I,RCCGGY,1,5
Cfr13I,GGNCC,1,4
Cfr42I,CCGCGG,4,2
CfrA4I,CTGCAG,5,1
CfrBI,CCWWGG,1,5
CfrJ4I,CCCGGG,3,3
CfuI,GATC,2,2
CfuII,CTGCAG,5,1
ChaI,GATC,4,0
CjeI,CCAN6GT,26,20
CjePI,CCAN7TC,29,22
ClaI,ATCGAT,2,4
CltI,GGCC,2,2
CpfI,GATC,0,4
CpoI,CGGWCCG,2,5
CscI,CCGCGG,4,2
CsiAI,ACCGGT,1,5
CsiBI,GCGGCCGC,2,6
CspI,CGGWCCG,2,5
Csp6I,GTAC,1,3
Csp45I,TTCGAA,2,4
CspAI,ACCGGT,1,5
CspBI,GCGGCCGC,2,6
CspCI,CAAN4NGTGG,24,22
Csp68KI,GGWCC,1,4
Csp68KII,TTCGAA,2,4
Csp68KIII,ATGCAT,5,1
Csp68KVI,CGCG,2,2
CspKVI,CGCG,2,2
CstI,CTGCAG,5,1
CstMI,AAGGAG,26,24
CthII,CCWGG,2,3
CviAI,GATC,0,4
CviAII,CATG,1,3
CviBI,GANTC,1,4
CviJI,RGCY,2,2
CviQI,GTAC,1,3
CviRI,TGCA,2,2
CviRII,GTAC,1,3
CviTI,RGCY,2,2
CvnI,CCTNAGG,2,5
DdeI,CTNAG,1,4
DmaI,CAGCTG,3,3
DpaI,AGTACT,3,3
DpnI,GATC,2,2
DpnII,GATC,0,4
DraI,TTTAAA,3,3
DraII,RGGNCCY,2,5
DraIII,CACNNNGTG,6,3
DrdI,GACN6GTC,7,5
DriI,GACN5GTC,6,5
DsaI,CCRYGG,1,5
DsaII,GGCC,2,2
DsaIII,RGATCY,1,5
DsaIV,GGWCC,1,4
DsaV,CCNGG,0,5
DseDI,GACN6GTC,7,5
EacI,GGATC,9,10
EaeI,YGGCCR,1,5
Eae46I,CCGCGG,4,2
EaeAI,CCCGGG,1,5
EagI,CGGCCG,1,5
EagBI,CGATCG,4,2
EagMI,GGWCC,1,4
Eam1104I,CTCTTC,7,10
Eam1105I,GACN5GTC,6,5
EarI,CTCTTC,7,10
EcaI,GGTNACC,1,6
EciI,GGCGGA,16,14
Eci125I,GGTNACC,1,6
EclI,CAGCTG,3,3
Ecl136II,GAGCTC,3,3
EclHKI,GACN5GTC,6,5
EclRI,CCCGGG,1,5
EclXI,CGGCCG,1,5
Ecl18kI,CCNGG,0,5
Ecl37kI,CTGCAG,5,1
Ecl2zI,CTGCAG,5,1
Eco24I,GRGCYC,5,1
Eco31I,GGTCTC,7,11
Eco32I,GATATC,3,3
Eco47I,GGWCC,1,4
Eco47III,AGCGCT,3,3
Eco52I,CGGCCG,1,5
Eco56I,GCCGGC,1,5
Eco57I,CTGAAG,22,20
Eco64I,GGYRCC,1,5
Eco72I,CACGTG,3,3
Eco78I,GGCGCC,3,3
Eco81I,CCTNAGG,2,5
Eco88I,CYCGRG,1,5
Eco91I,GGTNACC,1,6
Eco105I,TACGTA,3,3
Eco130I,CCWWGG,1,5
Eco147I,AGGCCT,3,3
Eco255I,AGTACT,3,3
Eco1831I,CCSGG,0,5
EcoA4I,GGTCTC,7,11
EcoHI,CCSGG,0,5
EcoHK31I,YGGCCR,1,5
EcoICRI,GAGCTC,3,3
Eco75KI,GRGCYC,5,1
Eco57MI,CTGRAG,24,22
EcoNI,CCTN5AGG,5,6
EcoO44I,GGTCTC,7,11
EcoO65I,GGTNACC,1,6
EcoO109I,RGGNCCY,2,5
EcoO128I,GGTNACC,1,6
EcoRI,GAATTC,1,5
EcoRII,CCWGG,0,5
EcoRV,GATATC,3,3
EcoT14I,CCWWGG,1,5
EcoT22I,ATGCAT,5,1
EcoT38I,GRGCYC,5,1
EcoVIII,AAGCTT,1,5
Eco13kI,CCNGG,0,5
Eco21kI,CCNGG,0,5
Eco27kI,CYCGRG,1,5
Eco29kI,CCGCGG,4,2
Eco53kI,GAGCTC,3,3
Eco137kI,CCNGG,0,5
EgeI,GGCGCC,3,3
EheI,GGCGCC,3,3
ErhI,CCWWGG,1,5
ErhB9I,CGATCG,4,2
ErhB9II,CCWWGG,1,5
ErpI,GGWCC,1,4
EsaBC3I,TCGA,2,2
EsaBC4I,GGCC,2,2
EspI,GCTNAGC,2,5
Esp3I,CGTCTC,7,11
Esp4I,CTTAAG,1,5
Esp1396I,CCAN5TGG,7,4
FalI,AAGN5CTT,24,19
FalII,CGCG,2,2
FaqI,GGGAC,15,11
FatI,CATG,0,4
FauI,CCCGC,9,11
FauBII,CGCG,2,2
FauNDI,CATATG,2,4
FbaI,TGATCA,1,5
FblI,GTMKAC,2,4
FbrI,GCNGC,2,3
FdiI,GGWCC,1,4
FdiII,TGCGCA,3,3
FgoI,CTAG,1,3
FmuI,GGNCC,4,1
FnuAI,GANTC,1,4
FnuCI,GATC,0,4
FnuDI,GGCC,2,2
FnuDII,CGCG,2,2
FnuDIII,GCGC,3,1
FnuEI,GATC,0,4
Fnu4HI,GCNGC,2,3
FokI,GGATG,14,18
FriOI,GRGCYC,5,1
FseI,GGCCGGCC,6,2
FsiI,RAATTY,1,5
FspI,TGCGCA,3,3
FspII,TTCGAA,2,4
Fsp1604I,CCWGG,2,3
FspAI,RTGCGCAY,4,4
FspBI,CTAG,1,3
Fsp4HI,GCNGC,2,3
FspMSI,GGWCC,1,4
FssI,GGWCC,1,4
FunI,AGCGCT,3,3
FunII,GAATTC,1,5
GalI,CCGCGG,4,2
GceI,CCGCGG,4,2
GceGLI,CCGCGG,4,2
GdiI,AGGCCT,3,3
GdiII,CGGCCR,1,5
GstI,GGATCC,1,5
GsuI,CTGGAG,22,20
HacI,GATC,0,4
HaeI,WGGCCW,3,3
HaeII,RGCGCY,5,1
HaeIII,GGCC,2,2
HaeIV,GAYN5RTC,25,20
HalI,GAATTC,1,5
HalII,CTGCAG,5,1
HapII,CCGG,1,3
HgaI,GACGC,10,15
HgiI,GRCGYC,2,4
HgiAI,GWGCWC,5,1
HgiBI,GGWCC,1,4
HgiCI,GGYRCC,1,5
HgiCII,GGWCC,1,4
HgiCIII,GTCGAC,1,5
HgiDI,GRCGYC,2,4
HgiDII,GTCGAC,1,5
HgiEI,GGWCC,1,4
HgiGI,GRCGYC,2,4
HgiHI,GGYRCC,1,5
HgiHII,GRCGYC,2,4
HgiHIII,GGWCC,1,4
HgiJI,GGWCC,1,4
HgiJII,GRGCYC,5,1
HgiS22I,CCSGG,2,3
HhaI,GCGC,3,1
HhaII,GANTC,1,4
Hin1I,GRCGYC,2,4
Hin1II,CATG,4,0
Hin2I,CCGG,1,3
Hin4I,GAYN5VTC,24,19
Hin6I,GCGC,1,3
HinJCI,GTYRAC,3,3
HinP1I,GCGC,1,3
HincII,GTYRAC,3,3
HindII,GTYRAC,3,3
HindIII,AAGCTT,1,5
HinfI,GANTC,1,4
HjaI,GATATC,3,3
HpaI,GTTAAC,3,3
HpaII,CCGG,1,3
HphI,GGTGA,13,12
Hpy8I,GTNNAC,3,3
Hpy51I,GTSAC,0,5
Hpy99I,CGWCG,5,0
Hpy178III,TCNNGA,2,4
Hpy188I,TCNGA,3,2
Hpy188III,TCNNGA,2,4
HpyAV,CCTTC,11,10
HpyBI,GTAC,2,2
HpyBII,GTNNAC,3,3
HpyCI,GATATC,3,3
HpyC1I,CCATC,9,10
HpyCH4I,CATG,4,0
HpyCH4III,ACNGT,3,2
HpyCH4IV,ACGT,1,3
HpyCH4V,TGCA,2,2
HpyF10VI,GCN7GC,7,4
HpyF44III,TGCA,2,2
HsoI,GCGC,1,3
Hsp92I,GRCGYC,2,4
Hsp92II,CATG,4,0
HspAI,GCGC,1,3
HsuI,AAGCTT,1,5
ItaI,GCNGC,2,3
KasI,GGCGCC,1,5
Kaz48kI,RGGNCCY,5,2
KoxII,GRGCYC,5,1
KpnI,GGTACC,5,1
Kpn2I,TCCGGA,1,5
Kpn378I,CCGCGG,4,2
Kpn2kI,CCNGG,0,5
Kpn49kI,GAATTC,1,5
Kpn49kII,CCSGG,0,5
KspI,CCGCGG,4,2
Ksp22I,TGATCA,1,5
Ksp632I,CTCTTC,7,10
KspAI,GTTAAC,3,3
Kzo9I,GATC,0,4
Kzo49I,GGWCC,1,4
LcaI,ATCGAT,2,4
LlaAI,GATC,0,4
LlaBI,CTRYAG,1,5
LlaCI,AAGCTT,1,5
LlaG2I,GCTAGC,1,5
Lmu60I,CCTNAGG,2,5
LplI,ATCGAT,2,4
LpnI,RGCGCY,3,3
LspI,TTCGAA,2,4
LweI,GCATC,10,14
MabI,ACCWGGT,1,6
MaeI,CTAG,1,3
MaeII,ACGT,1,3
MaeIII,GTNAC,0,5
MaeK81I,CGTACG,1,5
MaeK81II,GGNCC,1,4
MamI,GATN4ATC,5,5
MavI,CTCGAG,1,5
MbiI,CCGCTC,3,3
MboI,GATC,0,4
MboII,GAAGA,13,12
MchI,GGCGCC,2,4
MchAI,GCGGCCGC,2,6
MchAII,GGCC,2,2
McrI,CGRYCG,4,2
MfeI,CAATTG,1,5
MflI,RGATCY,1,5
MfoAI,GGCC,2,2
Mgl14481I,CCSGG,2,3
MgoI,GATC,0,4
MhaAI,CTGCAG,5,1
MhlI,GDGCHC,5,1
MkrAI,GATC,0,4
MlaI,TTCGAA,2,4
MlaAI,CTCGAG,1,5
MlsI,TGGCCA,3,3
MltI,AGCT,2,2
MluI,ACGCGT,1,5
Mlu23I,GGATCC,1,5
Mlu31I,TGGCCA,3,3
MluB2I,TCGCGA,3,3
MluNI,TGGCCA,3,3
MlyI,GAGTC,10,10
Mly113I,GGCGCC,2,4
MmeI,TCCRAC,26,24
MnlI,CCTC,11,10
MnoI,CCGG,1,3
MnoI,CCGG,1,3
Mph1103I,ATGCAT,5,1
MroI,TCCGGA,1,5
MroNI,GCCGGC,1,5
MroXI,GAAN4TTC,5,5
MscI,TGGCCA,3,3
MseI,TTAA,1,3
MslI,CAYN4RTG,5,5
MspI,CCGG,1,3
Msp17I,GRCGYC,2,4
Msp20I,TGGCCA,3,3
Msp67I,CCNGG,2,3
MspA1I,CMGCKG,3,3
MspB4I,GGYRCC,1,5
MspCI,CTTAAG,1,5
MspR9I,CCNGG,2,3
MspSWI,ATTTAAAT,4,4
MspV281I,GWGCWC,5,1
MspYI,YACGTR,3,3
MssI,GTTTAAAC,4,4
MstI,TGCGCA,3,3
MstII,CCTNAGG,2,5
MthZI,CTAG,1,3
MunI,CAATTG,1,5
MvaI,CCWGG,2,3
Mva1269I,GAATGC,7,5
MvnI,CGCG,2,2
MvrI,CGATCG,4,2
MwoI,GCN7GC,7,4
MxaI,GAGCTC,3,3
NaeI,GCCGGC,3,3
NarI,GGCGCC,2,4
NblI,CGATCG,4,2
NciI,CCSGG,2,3
NcoI,CCATGG,1,5
NcrI,AGATCT,1,5
NcuI,GAAGA,13,12
NdaI,GGCGCC,2,4
NdeI,CATATG,2,4
NdeII,GATC,0,4
NgoAIII,CCGCGG,4,2
NgoAIV,GCCGGC,1,5
NgoMIV,GCCGGC,1,5
NgoPII,GGCC,2,2
NgoPIII,CCGCGG,4,2
NheI,GCTAGC,1,5
NlaII,GATC,0,4
NlaIII,CATG,4,0
NlaIV,GGNNCC,3,3
Nli3877I,CYCGRG,5,1
NmeCI,GATC,0,4
NmeRI,CAGCTG,3,3
NmuCI,GTSAC,0,5
NopI,GTCGAC,1,5
NotI,GCGGCCGC,2,6
NphI,GATC,0,4
NruI,TCGCGA,3,3
NruGI,GACN5GTC,6,5
NsbI,TGCGCA,3,3
NsiI,ATGCAT,5,1
NsiCI,GATATC,3,3
NspI,RCATGY,5,1
NspII,GDGCHC,5,1
NspIII,CYCGRG,1,5
NspIV,GGNCC,1,4
NspV,TTCGAA,2,4
Nsp7121I,GGNCC,1,4
Nsp29132II,GGATCC,1,5
NspBII,CMGCKG,3,3
NspHI,RCATGY,5,1
NspLKI,GGCC,2,2
NspMACI,AGATCT,1,5
NspSAI,CYCGRG,1,5
NspSAII,GGTNACC,1,6
NspSAIV,GGATCC,1,5
NunII,GGCGCC,2,4
PabI,GTAC,3,1
PacI,TTAATTAA,5,3
Pac25I,CCCGGG,1,4
PaeI,GCATGC,5,1
PaeAI,CCGCGG,4,2
PaeBI,CCCGGG,3,3
PaeHI,GRGCYC,5,1
PaePI,CTGCAG,5,1
PaeQI,CCGCGG,4,2
PaeR7I,CTCGAG,1,5
Pae2kI,AGATCT,1,5
Pae5kI,CCGCGG,4,2
Pae14kI,CCGCGG,4,2
Pae17kI,CAGCTG,3,3
Pae18kI,AGATCT,1,5
PagI,TCATGA,1,5
PalI,GGCC,2,2
PamI,TGCGCA,3,3
PamII,GRCGYC,2,4
PanI,CTCGAG,1,5
PasI,CCCWGGG,2,5
PauI,GCGCGC,1,5
GCGCGC,RCATGY,5,1
PauAII,TTTAAA,3,3
PceI,AGGCCT,3,3
PciI,ACATGT,1,5
PctI,GAATGCc,7,5
Pde12I,GGNCC,1,4
Pde133I,GGCC,2,2
Pde137I,CCGG,1,3
PdiI,GCCGGC,3,3
PdmI,GAAN4TTC,5,5
PfaAI,GGYRCC,1,5
PfaAII,CATATG,2,4
PfaAIII,GCATGC,5,1
PfeI,GAWTC,1,4
Pfl8I,GGATCC,1,5
Pfl21I,CTGCAG,5,1
Pfl23II,CGTACG,1,5
Pfl27I,RGGWCCY,2,5
PflBI,CCAN5TGG,7,4
PflFI,GACNNNGTC,4,5
PflKI,GGCC,2,2
PflMI,CCAN5TGG,7,4
PfoI,TCCNGGA,1,6
PgaI,ATCGAT,2,4
PhaI,GCATC,10,14
PhoI,GGCC,2,2
PinAI,ACCGGT,1,5
PinBI,ATGCAT,5,1
PinBII,TCCGGA,1,5
PlaI,GGCC,2,2
PlaII,TTCGAA,2,4
PlaAI,CYCGRG,1,5
PlaAII,GTAC,2,2
PleI,GAGTC,9,10
Ple19I,CGATCG,4,2
PmaCI,CACGTG,3,3
PmeI,GTTTAAAC,4,4
Pme55I,AGGCCT,3,3
PmlI,CACGTG,3,3
PovII,CAGCTG,3,3
PpaAI,TTCGAA,2,4
PpaAII,TCGA,1,3
PpeI,GGGCCC,5,1
PpiI,GAACN5CTC,25,20
PpsI,GAGTC,9,10
Ppu10I,ATGCAT,1,5
Ppu111I,GAATTC,1,5
PpuAI,CGTACG,1,5
PpuMI,RGGWCCY,2,5
PpuXI,RGGWCCY,2,5
PshAI,GACN4GTC,5,5
PshBI,ATTAAT,2,4
PsiI,TTATAA,3,3
Psp03I,GGWCC,4,1
Psp5II,RGGWCCY,2,5
Psp6I,CCWGG,0,5
Psp23I,CTGCAG,5,1
Psp1406I,AACGTT,2,4
PspAI,CCCGGG,1,5
PspALI,CCCGGG,3,3
Psp124BI,GAGCTC,5,1
PspCI,CACGTG,3,3
PspEI,GGTNACC,1,6
PspGI,CCWGG,0,5
PspLI,CGTACG,1,5
PspN4I,GGNNCC,3,3
PspOMI,GGGCCC,1,5
PspPI,GGNCC,1,4
PspPPI,RGGWCCY,2,5
PspXI,VCTCGAGB,2,6
PsrI,GAACN6TAC,25,20
PssI,RGGNCCY,5,2
PstI,CTGCAG,5,1
PstNHI,GCTAGC,1,5
PsuI,RGATCY,1,5
Psu161I,CGATCG,4,2
PsuAI,YACGTR,3,3
PsyI,GACNNNGTC,4,5
PtaI,TCCGGA,1,5
Pun14627I,TGCGCA,3,3
Pun14627II,CAGCTG,3,3
PunAI,CYCGRG,1,5
PunAII,RCATGY,5,1
PvuI,CGATCG,4,2
PvuII,CAGCTG,3,3
Pvu84II,CAGCTG,3,3
RalF40I,GATC,0,4
RcaI,TCATGA,1,5
RflFI,GTCGAC,1,5
RflFII,AGTACT,3,3
RleAI,CCCACA,18,15
RmaI,CTAG,1,3
Rme21I,ATCGAT,2,4
RsaI,GTAC,2,2
RshI,CGATCG,4,2
RspLKI,GCATGC,5,1
RspLKII,GGATCC,1,5
RspXI,TCATGA,1,5
RsrI,GAATTC,1,5
RsrII,CGGWCCG,2,5
Rsr2I,CGGWCCG,2,5
RtrI,GTCGAC,1,5
Rtr63I,GTCGAC,1,5
SacI,GAGCTC,5,1
SacII,CCGCGG,4,2
SacNI,GRGCYC,5,1
SalI,GTCGAC,1,5
SalPI,CTGCAG,5,1
SanDI,GGGWCCC,2,5
SapI,GCTCTTC,8,11
SarI,AGGCCT,3,3
SatI,GCNGC,2,3
SauI,CCTNAGG,2,5
Sau96I,GGNCC,1,4
Sau3239I,CTCGAG,1,5
Sau3AI,GATC,0,4
SauBMKI,GCCGGC,3,3
SauHPI,GCCGGC,3,3
SauLPI,GCCGGC,3,3
SauLPII,CTCGAG,1,5
SauMI,GATC,0,4
SauNI,GCCGGC,3,3
SauSI,GCCGGC,3,3
SbfI,CCTGCAGG,6,2
Sbi68I,CTCGAG,1,5
Sbo13I,TCGCGA,3,3
SbvI,GGCC,2,2
ScaI,AGTACT,3,3
SceIII,GCCGGC,1,5
SchI,GAGTC,10,10
SchZI,CCGCGG,4,2
SciI,CTCGAG,3,3
SciNI,GCGC,1,3
ScrFI,CCNGG,2,3
SdaI,CCTGCAGG,6,2
SdiI,GGCCN5GGCC,8,5
SduI,GDGCHC,5,1
SecI,CCNNGG,1,5
SelI,CGCG,0,4
SenPT16I,CGGCCG,1,5
SenPT14bI,CCGCGG,4,2
SepI,ATGCAT,5,1
SexAI,ACCWGGT,1,6
SexBI,CCGCGG,4,2
SexCI,CCGCGG,4,2
SfaI,GGCC,2,2
SfaNI,GCATC,10,14
SfcI,CTRYAG,1,5
SfeI,CTRYAG,1,5
SfiI,GGCCN5GGCC,8,5
SflI,CTGCAG,5,1
SfoI,GGCGCC,3,3
Sfr274I,CTCGAG,1,5
Sfr303I,CCGCGG,4,2
SfuI,TTCGAA,2,4
SgfI,GCGATCGC,5,3
SgrAI,CRCCGGYG,2,6
SgrBI,CCGCGG,4,2
SimI,GGGTC,2,5
SinI,GGWCC,1,4
SlaI,CTCGAG,1,5
SleI,CCWGG,0,5
Slu1777I,GCCGGC,3,3
SmaI,CCCGGG,3,3
SmiI,ATTTAAAT,4,4
SmiMI,CAYN4RTG,5,5
SmlI,CTYRAG,1,5
SmuI,CCCGC,9,11
SmuEI,GGWCC,1,4
SnaBI,TACGTA,3,3
SniI,CCWGG,2,3
SnoI,GTGCAC,1,5
SolI,GGATCC,1,5
Sol10179I,CTCGAG,1,5
SpaHI,GCATGC,5,1
SpeI,ACTAGT,1,5
SphI,GCATGC,5,1
SplI,CGTACG,1,5
SpmI,ATCGAT,2,4
SpoI,TCGCGA,3,3
SpuI,CCGCGG,4,2
SrfI,GCCCGGGC,4,4
SrlI,GCCGGC,1,5
Srl5DI,CTGCAG,5,1
Srl32DII,GAATTC,1,5
Srl55DI,GAATTC,1,5
Srl56DI,CTRYAG,1,5
SruI,TTTAAA,3,3
Sru4DI,ATTAAT,2,4
Sru30DI,AGGCCT,3,3
SsbI,AAGCTT,1,5
SscL1I,GANTC,1,4
Sse9I,AATT,0,4
Sse232I,CGCCGGCG,2,6
Sse1825I,GGGWCCC,2,5
Sse8387I,CCTGCAGG,6,2
Sse8647I,AGGWCCT,2,5
SseAI,GGCGCC,2,4
SseBI,AGGCCT,3,3
SshAI,CCTNAGG,2,5
SsiI,CCGC,1,3
SsiAI,GATC,0,4
SsiBI,GATC,0,4
SslI,CCWGG,2,3
SsoI,GAATTC,1,5
SsoII,CCNGG,0,5
SspI,AATATT,3,3
Ssp1I,TTCGAA,2,4
Ssp4800I,TGTACA,1,5
Ssp5230I,GACGTC,5,1
Ssp27144I,ATCGAT,2,4
SspAI,CCWGG,0,5
SspBI,TGTACA,1,5
SspCI,GCCGGC,3,3
SspD5I,GGTGA,13,13
SspD5II,ATGCAT,5,1
SspRFI,TTCGAA,2,4
SsrI,GTTAAC,3,3
SstI,GAGCTC,5,1
SstII,CCGCGG,4,2
Sst12I,CTGCAG,5,1
SteI,AGGCCT,3,3
SthI,GGTACC,1,5
Sth117I,CCWGG,2,3
Sth132I,CCCG,8,12
Sth134I,CCGG,1,3
Sth368I,GATC,0,4
StrI,CTCGAG,1,5
StsI,GGATG,15,19
StuI,AGGCCT,3,3
StyI,CCWWGG,1,5
StyD4I,CCNGG,0,5
SuaI,GGCC,2,2
SuiI,GCWGC,1,4
SunI,CGTACG,1,5
SurI,GGATCC,1,5
SviI,TTCGAA,2,4
SwaI,ATTTAAAT,4,4
TaaI,ACNGT,3,2
TaiI,ACGT,4,0
TaqI,TCGA,1,3
TaqII,GACCGACACCCA,23,21
Taq52I,GCWGC,1,4
TaqXI,CCWGG,2,3
TasI,AATT,0,4
TatI,WGTACW,1,5
TauI,GCSGC,4,1
TfiI,GAWTC,1,4
ThaI,CGCG,2,2
TliI,CTCGAG,1,5
Tru1I,TTAA,1,3
Tru9I,TTAA,1,3
Tru201I,RGATCY,1,5
TscI,ACGT,4,0
TseI,GCWGC,1,4
Tsp1I,ACTGG,6,4
Tsp32I,TCGA,1,3
Tsp32II,TCGA,1,3
Tsp45I,GTSAC,0,5
Tsp49I,ACGT,4,0
Tsp509I,AATT,0,4
TspBI,CCRYGG,1,5
Tsp4CI,ACNGT,3,2
TspDTI,ATGAA,16,14
TspEI,AATT,0,4
Tsp8EI,GCCN5GGC,7,4
TspGWI,ACGGA,16,14
TspMI,CCCGGG,1,5
TspRI,CASTGNN,7,0
Tth111I,GACNNNGTC,4,5
TthHB8I,TCGA,1,3
Uba4009I,GGATCC,1,5
Uba153AI,CAGCTG,3,3
UbaM39I,CAGCTG,3,3
UnbI,GGNCC,0,5
Uur960I,GCNGC,2,3
Van91I,CCAN5TGG,7,4
Vha464I,CTTAAG,1,5
VneI,GTGCAC,1,5
VpaK32I,GCTCTTC,8,11
VpaK11AI,GGWCC,0,5
VpaK11BI,GGWCC,1,4
VspI,ATTAAT,2,4
XagI,CCTN5AGG,5,6
XapI,RAATTY,1,5
XbaI,XbaI,1,5
XcaI,XcaI,3,3
XceI,RCATGY,5,1
XciI,GTCGAC,1,5
XcyI,CCCGGG,1,5
XhoI,CTCGAG,1,5
XhoII,RGATCY,1,5
XmaI,CCCGGG,1,5
XmaIII,CGGCCG,1,5
XmaCI,CCCGGG,1,5
XmaJI,CCTAGG,1,5
XmiI,GTMKAC,2,4
XmnI,GAAN4TTC,5,5
XorII,CGATCG,4,2
XpaI,CTCGAG,1,5
XspI,CTAG,1,3
YenI,CTGCAG,5,1
ZanI,CCWGG,2,3
ZhoI,ATCGAT,2,4
ZraI,GACGTC,3,3
ZrmI,AGTACT,3,3
Zsp2I,ATGCAT,5,1